variable,adf_stat,p_value,lags,nobs
ROA,-7.467527815168893,5.157204126591794e-11,0,49
NetIncome,-7.290521443372439,1.4212212150210628e-10,0,49
ERVol12Q,-2.896325197658858,0.045776998838386686,1,48
CFV12Q,-1.34372153650664,0.6089400224341044,0,49
DER,-2.379319098054509,0.14765871384098167,0,49
lnTA,-2.0437222157085806,0.26773737753135807,0,49
CR,-1.8370301099217883,0.36223834022052037,1,48
