LM_stat,LM_pvalue,F_stat,F_pvalue
1.536284575285779,0.6739215417335597,0.4860618564069616,0.6936308089435292
