LM_stat,LM_pvalue,F_stat,F_pvalue
1.5362845752857845,0.6739215417335584,0.48606185640696264,0.6936308089435294
