LM_stat,LM_pvalue,F_stat,F_pvalue
0.6004809746109951,0.8963222563625132,0.18638592289336087,0.9051262536114093
