LM_stat,LM_pvalue,F_stat,F_pvalue
1.5209556015640002,0.6774423024465155,0.48105979631755547,0.6970551108477128
