LM_stat,LM_pvalue,F_stat,F_pvalue
19.046652822429,0.0018840530098513946,5.468544577066277,0.0005561605227549721
