LM_stat,LM_pvalue,F_stat,F_pvalue
3.409649158776318,0.6371007536144415,0.6440155966948187,0.6673908627041174
