LM_stat,LM_pvalue,F_stat,F_pvalue
18.37534568085866,0.0025109772187174454,5.113195558115012,0.0008806014469942095
