LM_stat,LM_pvalue,F_stat,F_pvalue
5.948914924494988,0.3112215042400843,1.1883711702255337,0.3307803491659023
