LM_stat,LM_pvalue,F_stat,F_pvalue
3.376648662146203,0.6421287880162356,0.637331023494255,0.6723388678253064
