LM_stat,LM_pvalue,F_stat,F_pvalue
19.7002242745846,0.001422361786036248,5.782362648409847,0.00036208517240747155
