,estimate,std_err,p_value
const,0.6093189118678004,0.1011180173659856,1.6825497099316413e-09
ERVol12Q,0.03894103151084114,0.09515442491173756,0.6823632752033302
Hedge,0.005723955609491467,0.004085562296659391,0.16120801045382238
DER,-0.0024042042766962914,0.0009973791565591158,0.015929715927265095
lnTA,-0.038952374013272846,0.006714893558015345,6.5962977603459315e-09
CR,0.00449604309768367,0.004258959875129335,0.2911204107231101
