,estimate,std_err,p_value
const,-315186.5106509888,1489994.3129988855,0.8324695288609898
ERVol12Q,3046026.515299758,1280608.6705159552,0.017379599878885037
Hedge,-10439.114792491051,53753.35261561554,0.8460161698712872
DER,-26330.337006034333,10552.570444592224,0.012590083921460183
lnTA,21365.622824759623,101553.63060562871,0.8333651836037188
CR,-104093.16087518734,90513.20456639153,0.25013033121040695
