,estimate,std_err,p_value
const,-0.2741987256719069,0.4805696654653894,0.5682910298894166
ERVol12Q,0.8980774619701747,0.3845789209842473,0.0195317850262871
Hedge,-0.0032170128386398416,0.01710354677203548,0.8508057917576699
DER,-0.00817131809180183,0.0032095665565787354,0.010898837279965087
lnTA,0.01859034025744479,0.032765132212200336,0.5704548006198957
CR,-0.03321907501306425,0.029396147623978904,0.258455752925669
