LM_stat,LM_pvalue,F_stat,F_pvalue,nlags
0.06402987155245021,0.9994983297084412,0.012430197626647235,0.9996806109842823,4
