LM_stat,LM_pvalue,F_stat,F_pvalue,nlags
4.036150289500286,0.4011355471968942,0.8527612292347524,0.5009270954387155,4
