LM_stat,LM_pvalue,F_stat,F_pvalue,nlags
3.7674251987673295,0.43839539899359337,0.7912558492676964,0.5381860735201889,4
