LM_stat,LM_pvalue,F_stat,F_pvalue,nlags
0.9537821411241687,0.9167212620178047,0.18752803534310403,0.9434188659434968,4
