eg_adf_stat,eg_p_value,eg_lags,eg_nobs
-3.3674549948045405,0.0007745113404833591,4,45
