variable,VIF
ERVol12Q,1.647210229190353
Hedge,2.2120854937252807
DER,2.5848125620181626
lnTA,1.2541993926563655
CR,1.3782104211803732
