variable,VIF
ERVol12Q,1.6472102291903532
Hedge,2.212085493725277
DER,2.5848125620181657
lnTA,1.2541993926563646
CR,1.3782104211803738
